<!DOCTYPE html PUBLIC "-//W3C//DTD XHTML 1.0 Strict//EN" "http://www.w3.org/TR/xhtml1/DTD/xhtml1-strict.dtd">
<html xmlns="http://www.w3.org/1999/xhtml" xml:lang="en">
<head>
<meta http-equiv="Content-type" content="text/html;charset=UTF-8" />
<title>Welcome www2.dragndropbuilder.com - BlueHost.com</title>
<link rel="stylesheet" href="//www.bluehost.com/media/shared/info/index/_bh/home.css" type="text/css" />
<link rel="stylesheet" href="//www.bluehost.com/media/shared/general/_bh/main.css" type="text/css" />
<meta name="description" content="Bluehost - Top rated web hosting provider - Free 1 click installs For blogs, shopping carts, and more. Get a free domain name, real NON-outsourced 24/7 support, and superior speed. web hosting provider php hosting cheap web hosting, Web hosting, domain names, front page hosting, email hosting.  We offer affordable hosting, web hosting provider business web hosting, ecommerce hosting, unix hosting.  Phone support available, Free Domain, and Free Setup." />
<meta name="keywords" content="web hosting, provider, php hosting,web hosting, free domain names, domain name, front page hosting, web site, web design, domain name registration, business web site, web site hosting, web space, picture hosting, small business, cheap web hosting, webmaster, web site builder, web space, affordable web hosting, marketing, cgi perl php hosting, blog, blogs, blogger, weblog, web log, weblogs, web logs, internet marketing, internet advertising" />
<script src="//www.bluehost.com/media/shared/general/cookies.js" type="text/javascript"></script>
<script type="text/javascript">
if (window.top !== window.self) {document.write = "";window.top.location = window.self.location; setTimeout(function(){document.body.innerHTML='';},1);window.self.onload=function(evt){document.body.innerHTML='';};}
</script>
<meta name="revisit-after" content="10">
<meta name="ROBOTS" content="NOINDEX, NOFOLLOW"> 
<noscript><style type="text/css">.live_chat{display:none;}</style></noscript>
</head>

<body>
<div class="frame center">
<div class="content">
<div class="header">
<div class="header_top">
<div class="header_c h_tl"></div>
<div class="header_c h_tr"></div>
<div class="header_c h_bl"></div>
<div class="header_c h_br"></div>
<a href="http://www.bluehost.com/" rel="nofollow"><img alt="Bluehost" id="logo" src="//www.bluehost.com/media/shared/info/index/_bh/logo.jpg"></a>
<div id="divider"></div>
<div id="grad_break"></div>
<h1>Affordable, Reliable<br />Web Hosting Solutions</h1>
<a class="login_container" style='text-decoration: none; font-weight: bold;color:#FFF;width:inherit; font-size: 12px;width: auto;' href="http://www.bluehost.com/" rel="nofollow">Web Hosting - courtesy of www.bluehost.com</a>

</div>
</div><!-- class="header" -->

<div style="padding-bottom:7px"></div>

<div class="body_container">

<div class="body_container">

<script type='text/javascript' src=//www.bluehost.com/media/shared/general/jquery/jquery.min.js></script>
<style>
.icontent {
    width: 1025px;
    height: 700px;
    border: none;
    margin-top: 4px;
    margin-bottom: 4px;
}
.frame {
    width: 1065px;;
}

.header_top {
    width: 1025px;
}
#grad_break {
    left: 334px;
}
</style>

<script>
    var gaJsHost = ("https:" == document.location.protocol) ? "https://ssl." : "http://www.";
    document.write("<scr"+"ipt src='" +gaJsHost+ "google-analytics.com/ga.js'></scr"+"ipt>");
</script>
<script>
    var pageTracker = _gat._getTracker("UA-9156498-1");
    pageTracker._initData();
    pageTracker._trackPageview("/parked/[% parked_type %]/www2.dragndropbuilder.com/[% request_uri %]");
</script>

<center>
        <iframe id="ad_frame" frameborder="1" height="800" scrolling="no" width="100%" src="http://www.iyfubh.com/?dn=www2.dragndropbuilder.com&pid=9POJB64QD"></iframe>
</center>

<hr class="bbar" />

</div>
</div><!-- class="content" -->
<div class="frame_c frame_br"></div>
<div class="frame_c frame_bl"></div>
</div><!-- class="frame center" -->
<div id="footer"><center>
    <ul class="footer_links">
        <!--<li><a href="http://www.bluehost.com/cgi/info/awards" rel="nofollow">Awards</a></li>-->
        <li><a href="http://www.bluehost.com/cgi/help" rel="nofollow">Help Center</a></li>

        <li><a href="http://www.bluehost.com/cgi/info/contact_us" rel="nofollow">Contact Us</a></li>
        <li><a href="http://www.bluehost.com/cgi/info/about_us" rel="nofollow">About Us</a></li>
        <li><a href="http://www.bluehost.com/cgi-bin/partner" rel="nofollow">Affiliates</a></li>
        <li><a href="http://www.bluehost.com/cgi/terms" rel="nofollow">Terms</a></li>
    </ul>
    <div id="copyright">&copy;2012 Bluehost.com. All rights reserved.</div>
</center></div><!-- footer -->


</body>
</html>
